Workbook

Sheet Summary
A1: Amazon ASIN Performance by Market
A2: Rolling 6 months: 11 Feb 2026 to 11 Aug 2026 | Ranked by Business Volume (BV), Euro
A3: Source: Online Cube (SSAS) - Online Sales, filtered to Source Category = Amazon Vendor Sales / Amazon Marketplace
A5: Market | B5: Channel | C5: BV (EUR) | D5: Orders | E5: AOV (EUR)
A6: Italy | B6: Amazon Vendor Sales | C6: 2612103.8 | D6: 9448 | E6: =IFERROR(C6/D6,0) -> 276.47161
A7: Spain | B7: Amazon Vendor Sales | C7: 1480871.1 | D7: 6770 | E7: =IFERROR(C7/D7,0) -> 218.74019
A8: France | B8: Amazon Vendor Sales | C8: 397362.8 | D8: 3563 | E8: =IFERROR(C8/D8,0) -> 111.52478
A9: Italy | B9: Amazon Marketplace | C9: 118252.8 | D9: 1088 | E9: =IFERROR(C9/D9,0) -> 108.68824
A10: Unclassified | B10: Amazon Vendor Sales | C10: 64291.33 | D10: 381 | E10: =IFERROR(C10/D10,0) -> 168.74365
A11: Spain | B11: Amazon Marketplace | C11: 26496.3 | D11: 366 | E11: =IFERROR(C11/D11,0) -> 72.394262
A12: Belgium | B12: Amazon Vendor Sales | C12: 5948.2 | D12: 56 | E12: =IFERROR(C12/D12,0) -> 106.21786
A13: Germany | B13: Amazon Vendor Sales | C13: 4386 | D13: 33 | E13: =IFERROR(C13/D13,0) -> 132.90909
A14: France | B14: Amazon Marketplace | C14: 839.6 | D14: 10 | E14: =IFERROR(C14/D14,0) -> 83.96
A15: Netherlands | B15: Amazon Vendor Sales | C15: 119.6 | D15: 5 | E15: =IFERROR(C15/D15,0) -> 23.92
A16: Total | C16: =SUM(C6:C15) -> 4710671.5 | D16: =SUM(D6:D15) -> 21720 | E16: =IFERROR(C16/D16,0) -> 216.88175
A19: Market totals (all Amazon channels combined)
A20: Market | B20: BV (EUR) | C20: Orders | D20: % of Total Amazon BV
A21: Italy | B21: =SUMIF($A$6:$A$15,A21,$C$6:$C$15) -> 2730356.6 | C21: =SUMIF($A$6:$A$15,A21,$D$6:$D$15) -> 10536 | D21: =IFERROR(B21/$C$16,0) -> 0.57961091
A22: Spain | B22: =SUMIF($A$6:$A$15,A22,$C$6:$C$15) -> 1507367.4 | C22: =SUMIF($A$6:$A$15,A22,$D$6:$D$15) -> 7136 | D22: =IFERROR(B22/$C$16,0) -> 0.31998992
A23: France | B23: =SUMIF($A$6:$A$15,A23,$C$6:$C$15) -> 398202.4 | C23: =SUMIF($A$6:$A$15,A23,$D$6:$D$15) -> 3573 | D23: =IFERROR(B23/$C$16,0) -> 0.084531982
A24: Germany | B24: =SUMIF($A$6:$A$15,A24,$C$6:$C$15) -> 4386 | C24: =SUMIF($A$6:$A$15,A24,$D$6:$D$15) -> 33 | D24: =IFERROR(B24/$C$16,0) -> 0.00093107744
A25: Belgium | B25: =SUMIF($A$6:$A$15,A25,$C$6:$C$15) -> 5948.2 | C25: =SUMIF($A$6:$A$15,A25,$D$6:$D$15) -> 56 | D25: =IFERROR(B25/$C$16,0) -> 0.0012627074
A26: Netherlands | B26: =SUMIF($A$6:$A$15,A26,$C$6:$C$15) -> 119.6 | C26: =SUMIF($A$6:$A$15,A26,$D$6:$D$15) -> 5 | D26: =IFERROR(B26/$C$16,0) -> 2.5389161e-05
A27: Unclassified | B27: =SUMIF($A$6:$A$15,A27,$C$6:$C$15) -> 64291.33 | C27: =SUMIF($A$6:$A$15,A27,$D$6:$D$15) -> 381 | D27: =IFERROR(B27/$C$16,0) -> 0.013648018
A28: Total | B28: =SUM(B21:B27) -> 4710671.5 | C28: =SUM(C21:C27) -> 21720 | D28: =IFERROR(B28/$C$16,0) -> 1
A31: Notes
A32: - BV (Business Volume) is gross sales value in Euro before Amazon commission and account management fees.
A33: - "Unclassified" covers Amazon Vendor sales lines where Product Country Code is not populated. Worth a data quality follow up, not shown in the per-market top 20 tabs.
A34: - Germany, Belgium and Netherlands are early-stage Amazon markets with fewer than 20 ASINs sold in the period, so their ASINs are combined on one tab.

Sheet Italy Top 20
A1: Italy - Top ASINs by Business Volume
A2: Rolling 6 months: 11 Feb 2026 to 11 Aug 2026
A4: Rank | B4: ASIN | C4: Product Name | D4: BV (EUR) | E4: Units Sold | F4: Orders | G4: AOV (EUR) | H4: % of Market BV
A5: 1 | B5: B07X5BWRFB | C5: MILLE E UNA NOTTE DI MAGIA | D5: 189310.5 | E5: 1895 | F5: 214 | G5: =IFERROR(D5/F5,0) -> 884.6285 | H5: =IFERROR(D5/Summary!$B$21,0) -> 0.069335449
A6: 2 | B6: B07X24TCCH | C6: 3 GIORNI D'EVASIONE E 2 CENE | D6: 127364.6 | E6: 558 | F6: 186 | G6: =IFERROR(D6/F6,0) -> 684.75591 | H6: =IFERROR(D6/Summary!$B$21,0) -> 0.046647606
A7: 3 | B7: B07X112NFP | C7: 3 giorni in fuga in Europa | D7: 127094 | E7: 1063 | F7: 197 | G7: =IFERROR(D7/F7,0) -> 645.14721 | H7: =IFERROR(D7/Summary!$B$21,0) -> 0.046548498
A8: 4 | B8: B07X68CCQ7 | C8: FUGA E RELAX* | D8: 108838.3 | E8: 1827 | F8: 197 | G8: =IFERROR(D8/F8,0) -> 552.47868 | H8: =IFERROR(D8/Summary!$B$21,0) -> 0.039862302
A9: 5 | B9: B07X113F8Z | C9: Felicita per due | D9: 97264.7 | E9: 3254 | F9: 208 | G9: =IFERROR(D9/F9,0) -> 467.61875 | H9: =IFERROR(D9/Summary!$B$21,0) -> 0.035623442
A10: 6 | B10: B07X34JRCV | C10: FUGA DI 3 GIORNI E 2 CENE* | D10: 93614.9 | E10: 551 | F10: 159 | G10: =IFERROR(D10/F10,0) -> 588.77296 | H10: =IFERROR(D10/Summary!$B$21,0) -> 0.034286694
A11: 7 | B11: B07X5BWJ6S | C11: DIVERTIMENTO PER DUE | D11: 92009.4 | E11: 2308 | F11: 208 | G11: =IFERROR(D11/F11,0) -> 442.35288 | H11: =IFERROR(D11/Summary!$B$21,0) -> 0.033698675
A12: 8 | B12: B07X34HMH3 | C12: MAGICHE EMOZIONI PER DUE | D12: 91167.8 | E12: 1525 | F12: 177 | G12: =IFERROR(D12/F12,0) -> 515.07232 | H12: =IFERROR(D12/Summary!$B$21,0) -> 0.033390437
A13: 9 | B13: B07X687DPK | C13: 3 giorni d'incanto in Europa | D13: 78560.7 | E13: 395 | F13: 167 | G13: =IFERROR(D13/F13,0) -> 470.42335 | H13: =IFERROR(D13/Summary!$B$21,0) -> 0.028773055
A14: 10 | B14: B07X34H2WY | C14: 3 giorni da sogno | D14: 76112.4 | E14: 480 | F14: 162 | G14: =IFERROR(D14/F14,0) -> 469.82963 | H14: =IFERROR(D14/Summary!$B$21,0) -> 0.027876359
A15: 11 | B15: B07X68BFN9 | C15: MILLE E UNA NOTTE D'INCANTO | D15: 68717.1 | E15: 532 | F15: 172 | G15: =IFERROR(D15/F15,0) -> 399.51802 | H15: =IFERROR(D15/Summary!$B$21,0) -> 0.025167811
A16: 12 | B16: B07X34HCWH | C16: MILLE E UNA NOTTE DI MERAVIGLIA | D16: 67754.8 | E16: 452 | F16: 158 | G16: =IFERROR(D16/F16,0) -> 428.82785 | H16: =IFERROR(D16/Summary!$B$21,0) -> 0.024815367
... A24: 20 | B24: B07X687DLB | C24: Peccati di gola | D24: 42697.2 | E24: 1433 | F24: 189 | G24: =IFERROR(D24/F24,0) -> 225.91111 | H24: =IFERROR(D24/Summary!$B$21,0) -> 0.015637957
A25: Top-list total | D25: =SUM(D5:D24) -> 1646538.8 | E25: =SUM(E5:E24) -> 22173 | F25: =SUM(F5:F24) -> 3505 | H25: =IFERROR(D25/Summary!$B$21,0) -> 0.60304899

Sheet Spain Top 20
A1: Spain - Top ASINs by Business Volume
A2: Rolling 6 months: 11 Feb 2026 to 11 Aug 2026
A4: Rank | B4: ASIN | C4: Product Name | D4: BV (EUR) | E4: Units Sold | F4: Orders | G4: AOV (EUR) | H4: % of Market BV
A5: 1 | B5: B07Z5LKT1Q | C5: SPA Y RELAX PARA DOS | D5: 150981.6 | E5: 3787 | F5: 246 | G5: =IFERROR(D5/F5,0) -> 613.74634 | H5: =IFERROR(D5/Summary!$B$22,0) -> 0.10016244
A6: 2 | B6: B07Z5L3369 | C6: Mil y una noches de felicidad | D6: 94605.3 | E6: 964 | F6: 197 | G6: =IFERROR(D6/F6,0) -> 480.22995 | H6: =IFERROR(D6/Summary!$B$22,0) -> 0.062761938
A7: 3 | B7: B07Z5LF3G3 | C7: SPA Y MASAJE PARA DOS | D7: 93512.6 | E7: 1877 | F7: 212 | G7: =IFERROR(D7/F7,0) -> 441.09717 | H7: =IFERROR(D7/Summary!$B$22,0) -> 0.062037032
A8: 4 | B8: B07Z5LM72J | C8: ILUSIONES PARA DOS | D8: 74600.5 | E8: 2497 | F8: 240 | G8: =IFERROR(D8/F8,0) -> 310.83542 | H8: =IFERROR(D8/Summary!$B$22,0) -> 0.049490589
A9: 5 | B9: B07Z5LKRMF | C9: 2 dias con encanto | D9: 69364.2 | E9: 1164 | F9: 248 | G9: =IFERROR(D9/F9,0) -> 279.69435 | H9: =IFERROR(D9/Summary!$B$22,0) -> 0.046016784
A10: 6 | B10: B07Z9TXBZF | C10: 3 DIAS JUNTOS POR EUROPA | D10: 55744.2 | E10: 565 | F10: 183 | G10: =IFERROR(D10/F10,0) -> 304.61311 | H10: =IFERROR(D10/Summary!$B$22,0) -> 0.036981163
A11: 7 | B11: B07Z5LB6Q1 | C11: MIL Y UNA NOCHES DE DELICIA | D11: 53064.6 | E11: 360 | F11: 157 | G11: =IFERROR(D11/F11,0) -> 337.99108 | H11: =IFERROR(D11/Summary!$B$22,0) -> 0.035203495
A12: 8 | B12: B07Z5L8VJL | C12: MIL Y UNA NOCHES DE ENSUENO | D12: 46401.3 | E12: 395 | F12: 151 | G12: =IFERROR(D12/F12,0) -> 307.29338 | H12: =IFERROR(D12/Summary!$B$22,0) -> 0.030783006
A13: 9 | B13: B07Z5M6GRQ | C13: SELECCION MAGICA | D13: 45829.7 | E13: 2305 | F13: 216 | G13: =IFERROR(D13/F13,0) -> 212.17454 | H13: =IFERROR(D13/Summary!$B$22,0) -> 0.030403802
A14: 10 | B14: B07Z5LFB1F | C14: VINO Y TAPAS | D14: 40814.9 | E14: 2051 | F14: 214 | G14: =IFERROR(D14/F14,0) -> 190.72383 | H14: =IFERROR(D14/Summary!$B$22,0) -> 0.027076942
A15: 11 | B15: B07Z5LC8CB | C15: 3 DIAS CON ENCANTO | D15: 37408.8 | E15: 316 | F15: 135 | G15: =IFERROR(D15/F15,0) -> 277.10222 | H15: =IFERROR(D15/Summary!$B$22,0) -> 0.024817307
A16: 12 | B16: B07Z5LFPT6 | C16: 3 DIAS SPA & RELAX | D16: 35982 | E16: 183 | F16: 102 | G16: =IFERROR(D16/F16,0) -> 352.76471 | H16: =IFERROR(D16/Summary!$B$22,0) -> 0.023870756
... A24: 20 | B24: B07Z9V4BXG | C24: 3 DIAS EN FAMILIA | D24: 21589.2 | E24: 109 | F24: 80 | G24: =IFERROR(D24/F24,0) -> 269.865 | H24: =IFERROR(D24/Summary!$B$22,0) -> 0.014322454
A25: Top-list total | D25: =SUM(D5:D24) -> 1025105.9 | E25: =SUM(E5:E24) -> 19821 | F25: =SUM(F5:F24) -> 3345 | H25: =IFERROR(D25/Summary!$B$22,0) -> 0.68006373

Sheet France Top 20
A1: France - Top ASINs by Business Volume
A2: Rolling 6 months: 11 Feb 2026 to 11 Aug 2026
A4: Rank | B4: ASIN | C4: Product Name | D4: BV (EUR) | E4: Units Sold | F4: Orders | G4: AOV (EUR) | H4: % of Market BV
A5: 1 | B5: B07WR8JKKP | C5: Sejour insolite en duo | D5: 27680.4 | E5: 408 | F5: 144 | G5: =IFERROR(D5/F5,0) -> 192.225 | H5: =IFERROR(D5/Summary!$B$23,0) -> 0.069513393
A6: 2 | B6: B07WNHC2DP | C6: Week-end gourmand en amoureux | D6: 22564.9 | E6: 251 | F6: 136 | G6: =IFERROR(D6/F6,0) -> 165.91838 | H6: =IFERROR(D6/Summary!$B$23,0) -> 0.056666911
A7: 3 | B7: B08L7QXTNL | C7: Week-end evasion en amoureux | D7: 22342.7 | E7: 375 | F7: 133 | G7: =IFERROR(D7/F7,0) -> 167.99023 | H7: =IFERROR(D7/Summary!$B$23,0) -> 0.056108903
A8: 4 | B8: B07WNH9HKL | C8: Detente absolue | D8: 18753 | E8: 470 | F8: 157 | G8: =IFERROR(D8/F8,0) -> 119.44586 | H8: =IFERROR(D8/Summary!$B$23,0) -> 0.047094141
A9: 5 | B9: B08L7SJCJ8 | C9: Romance en Europe : 1 nuit pour 2 personnes | D9: 13836.9 | E9: 232 | F9: 118 | G9: =IFERROR(D9/F9,0) -> 117.26186 | H9: =IFERROR(D9/Summary!$B$23,0) -> 0.034748409
A10: 6 | B10: B07WQWQ82H | C10: Joyeux anniversaire | D10: 13365.3 | E10: 449 | F10: 160 | G10: =IFERROR(D10/F10,0) -> 83.533125 | H10: =IFERROR(D10/Summary!$B$23,0) -> 0.033564087
A11: 7 | B11: B07WNHCPJV | C11: Mille & une nuits de reve | D11: 12109.9 | E11: 102 | F11: 70 | G11: =IFERROR(D11/F11,0) -> 172.99857 | H11: =IFERROR(D11/Summary!$B$23,0) -> 0.030411419
A12: 8 | B12: B07WS91JZ6 | C12: 3 jours de reve en amoureux | D12: 11150.7 | E12: 94 | F12: 62 | G12: =IFERROR(D12/F12,0) -> 179.85 | H12: =IFERROR(D12/Summary!$B$23,0) -> 0.028002594
A13: 9 | B13: B07WR9VHWN | C13: Bien-etre et Soins Relaxants | D13: 11077.8 | E13: 228 | F13: 105 | G13: =IFERROR(D13/F13,0) -> 105.50286 | H13: =IFERROR(D13/Summary!$B$23,0) -> 0.027819521
A14: 10 | B14: B07WNH91DM | C14: EVASION A DEUX | D14: 10764.6 | E14: 157 | F14: 94 | G14: =IFERROR(D14/F14,0) -> 114.51702 | H14: =IFERROR(D14/Summary!$B$23,0) -> 0.027032986
A15: 11 | B15: B07WS8LCZ1 | C15: WEEK-END GOURMAND ET SPA | D15: 9305.1 | E15: 50 | F15: 44 | G15: =IFERROR(D15/F15,0) -> 211.47955 | H15: =IFERROR(D15/Summary!$B$23,0) -> 0.023367765
A16: 12 | B16: B07WNH8PVT | C16: Joyeux anniversaire | D16: 8882.2 | E16: 181 | F16: 102 | G16: =IFERROR(D16/F16,0) -> 87.080392 | H16: =IFERROR(D16/Summary!$B$23,0) -> 0.022305742
... A24: 20 | B24: B08L7TRBV6 | C24: Sejour d'1 nuit pour 2 personnes en chambre d'hotes ou en gite | D24: 5570.7 | E24: 93 | F24: 74 | G24: =IFERROR(D24/F24,0) -> 75.27973 | H24: =IFERROR(D24/Summary!$B$23,0) -> 0.013989619
A25: Top-list total | D25: =SUM(D5:D24) -> 236191.5 | E25: =SUM(E5:E24) -> 3722 | F25: =SUM(F5:F24) -> 1807 | H25: =IFERROR(D25/Summary!$B$23,0) -> 0.59314434

Sheet Other Markets
A1: Germany, Belgium, Netherlands - All ASINs Sold
A2: Rolling 6 months: 11 Feb 2026 to 11 Aug 2026 | Fewer than 20 ASINs sold in each of these early-stage markets
A4: Rank | B4: ASIN | C4: Product Name | D4: Market | E4: BV (EUR) | F4: Units Sold | G4: Orders | H4: AOV (EUR)
A5: 1 | B5: B0CL1RRFJX | C5: Kurzurlaub in Europa: 2 Naechte in einem Hotel | D5: Germany | E5: 3716.9 | F5: 31 | G5: 27 | H5: =IFERROR(E5/G5,0) -> 137.66296
A6: 2 | B6: B0C4BJGCJ9 | C6: EVASION A DEUX | D6: Belgium | E6: 2726.1 | F6: 43 | G6: 34 | H6: =IFERROR(E6/G6,0) -> 80.179412
A7: 3 | B7: B0C4BKVJP3 | C7: Bien-etre d'exception en duo | D7: Belgium | E7: 1623.7 | F7: 13 | G7: 11 | H7: =IFERROR(E7/G7,0) -> 147.60909
A8: 4 | B8: B0C4BJS8QG | C8: Week-end Bien-etre | D8: Belgium | E8: 1598.4 | F8: 16 | G8: 11 | H8: =IFERROR(E8/G8,0) -> 145.30909
A9: 5 | B9: B0CJPL6H32 | C9: Romantischer Aufenthalt fuer 2 in den Niederlanden | D9: Germany | E9: 269.7 | F9: 3 | G9: 3 | H9: =IFERROR(E9/G9,0) -> 89.9
A10: 6 | B10: B0CJPLB5FQ | C10: 1-stuendige Alpakawanderung fuer 2 Personen | D10: Germany | E10: 199.6 | F10: 4 | G10: 1 | H10: =IFERROR(E10/G10,0) -> 199.6
A11: 7 | B11: B0CL1L96ZC | C11: 2 nights for 2 people | D11: Germany | E11: 99.9 | F11: 1 | G11: 1 | H11: =IFERROR(E11/G11,0) -> 99.9
A12: 8 | B12: B0CJPL44Y9 | C12: Kurzurlaub in Deutschland fuer 2 Personen mit Ihrem treuen Begleiter | D12: Germany | E12: 99.9 | F12: 1 | G12: 1 | H12: =IFERROR(E12/G12,0) -> 99.9
A13: 9 | B13: B0875SVBCX | C13: Lunch voor Twee | D13: Netherlands | E13: 89.7 | F13: 4 | G13: 4 | H13: =IFERROR(E13/G13,0) -> 22.425
A14: 10 | B14: B0875ZLKGV | C14: CADEAUBON 29.9 | D14: Netherlands | E14: 29.9 | F14: 1 | G14: 1 | H14: =IFERROR(E14/G14,0) -> 29.9
A15: Total | E15: =SUM(E5:E14) -> 10453.8 | F15: =SUM(F5:F14) -> 117 | G15: =SUM(G5:G14) -> 94
